{
    "sources": [
        {
            "accessed": {
                "date-parts": [
                    [
                        2024,
                        1,
                        13
                    ]
                ]
            },
            "id": "CommunicationIntroductionStatistical",
            "publisher": "https://www.ncbi.nlm.nih.gov/pmc/articles/PMC7737058/",
            "title": "Communication: Introduction to statistical simulations in health research - PMC",
            "title-short": "Communication",
            "type": ""
        }
    ],
    "project_biblios": []
}