{"chunk_definitions":[{"row":17,"row_count":1,"visible":true,"expansion_state":0,"options":{"engine":"r","label":"unnamed-chunk-6"},"document_id":"7E4F029B","chunk_id":"c77uiqq2px59y","chunk_label":"unnamed-chunk-2"},{"row":49,"row_count":1,"visible":true,"expansion_state":0,"options":{"engine":"r","label":"unnamed-chunk-7"},"document_id":"7E4F029B","chunk_id":"c4r7tbiosc3ek","chunk_label":"unnamed-chunk-3"},{"row":54,"row_count":1,"visible":true,"expansion_state":0,"options":{"file":"workshop-materials/scripts/do_addition.R","engine":"r","label":"unnamed-chunk-8"},"document_id":"7E4F029B","chunk_id":"caneh0ii6tj5z","chunk_label":"Include the do_addition.R function in the current file"}],"doc_write_time":1699441363,"chunk_rendered_width":700}