{"chunk_definitions":[{"row":15,"row_count":1,"visible":true,"expansion_state":0,"options":{"echo":false,"engine":"r","label":"unnamed-chunk-1"},"document_id":"38C7E26E","chunk_id":"cggkmg2f1bbpj","chunk_label":"unnamed-chunk-1"},{"row":23,"row_count":1,"visible":true,"expansion_state":0,"options":{"engine":"r","label":"unnamed-chunk-33"},"document_id":"38C7E26E","chunk_id":"cumxi94hjl0jb","chunk_label":"unnamed-chunk-2"},{"row":60,"row_count":1,"visible":true,"expansion_state":0,"options":{"engine":"r","label":"unnamed-chunk-34"},"document_id":"38C7E26E","chunk_id":"c6589sn56odsw","chunk_label":"unnamed-chunk-3"},{"row":83,"row_count":1,"visible":true,"expansion_state":0,"options":{"engine":"r","label":"unnamed-chunk-35"},"document_id":"38C7E26E","chunk_id":"ch5kwcsh7zc30","chunk_label":"unnamed-chunk-4"},{"row":111,"row_count":1,"visible":true,"expansion_state":0,"options":{"engine":"r","label":"unnamed-chunk-37"},"document_id":"38C7E26E","chunk_id":"cu7azzo6qjm2g","chunk_label":"unnamed-chunk-5"}],"doc_write_time":1700486943}