"0","setwd(""C:/Users/danch/OneDrive/2 Course MS/Classes & labs/Markup languages/Week 4 - Ex 2/data"")"
"2","Warning: The working directory was changed to C:/Users/danch/OneDrive/2 Course MS/Classes & labs/Markup languages/Week 4 - Ex 2/data inside a notebook chunk. The working directory will be reset when the chunk is finished running. Use the knitr root.dir option in the setup chunk to change the working directory for notebook chunks."
"0","d1 <- sasxport.get(""DEMO_I.xpt"")"
"1","Processing SAS dataset"
"1"," "
"1","DEMO_I"
"1"," "
"1","	 "
"1","."
"1",".
"
"0","d2 <- sasxport.get(""BPX_I.xpt"")"
"1","Processing SAS dataset"
"1"," "
"1","BPX_I"
"1"," "
"1","	 "
"1","."
"1",".
"
"0","d3 <- sasxport.get(""BMX_I.xpt"")"
"1","Processing SAS dataset"
"1"," "
"1","BMX_I"
"1"," "
"1","	 "
"1","."
"1",".
"
"0","d4 <- sasxport.get(""GHB_I.xpt"")"
"1","Processing SAS dataset"
"1"," "
"1","GHB_I"
"1"," "
"1","	 "
"1","."
"1",".
"
"0","d5 <- sasxport.get(""TCHOL_I.xpt"")"
"1","Processing SAS dataset"
"1"," "
"1","TCHOL_I"
"1"," "
"1","	 "
"1","."
"1",".
"
